merkle_root,count
a18,117
c20,115
688,115
ff3,115
f72,114
80c,113
415,112
cda,112
542,112
93d,112
748,112
76d,111
5ef,110
2ad,110
c85,109
0c7,109
f55,109
460,109
224,108
052,108
776,108
82d,108
11b,108
6b9,107
e27,107
acf,107
ba0,107
c31,107
8a0,107
7eb,107
1a6,106
071,106
ba7,106
fbb,106
1f3,106
ccb,106
092,106
b64,106
e0b,106
935,106
5aa,105
dc5,105
b40,105
dde,105
1f0,105
51a,105
a74,105
9f3,105
4ed,105
eed,105
df4,105
fc8,105
013,105
9f5,105
76b,104
79c,104
7a2,104
76a,104
ebf,104
1c9,104
b96,104
c1e,104
05a,104
d12,104
02d,104
015,104
ce0,104
591,104
234,104
bc8,103
14f,103
24c,103
2b0,103
e07,103
381,103
394,103
a61,103
cb9,103
c91,103
519,103
58d,103
c35,103
b41,103
6bd,103
64b,103
e22,103
a42,102
9fa,102
a86,102
df2,102
ceb,102
99e,102
adc,102
ed1,102
1d3,102
ee4,102
4ad,102
f36,102
202,102
6f6,102
6d5,102
58a,102
4fe,102
7dd,102
7e1,102
db2,102
17b,102
ea9,102
c6b,101
0af,101
0fd,101
5c6,101
6a8,101
be1,101
3ec,101
38c,101
2de,101
2a9,101
d4d,101
db8,101
d93,101
bd6,101
af3,101
824,101
262,101
12d,101
793,101
764,101
68c,101
749,101
6b0,101
de3,101
8b4,101
bc6,101
df1,100
ef3,100
fa9,100
f3c,100
fe1,100
e60,100
252,100
caf,100
7ed,100
2db,100
30f,100
41a,100
42c,100
60d,100
617,100
723,100
1b6,100
75d,100
19c,100
7c2,100
15c,100
c74,100
835,100
8b8,100
911,100
921,100
142,100
984,100
9f6,100
128,100
b22,100
127,100
c58,100
00f,100
